{
    "data": [
        {
            "feriado": "Ano Novo",
            "dia": "1 de Janeiro"
        },
        {
            "feriado": "Feriado Municipal de Santa Cruz",
            "dia": "15 de Janeiro"
        },
        {
            "feriado": "Feriado Municipal de São Vicente",
            "dia": "22 de Janeiro"
        },
        {
            "feriado": "Terça-feira de Carnaval",
            "dia": "13 de Fevereiro"
        },
        {
            "feriado": "Sexta Feira Santa",
            "dia": "19 de Abril"
        },
        {
            "feriado": "Páscoa",
            "dia": "21 de Abril"
        },
        {
            "feriado": "Dia da Liberdade",
            "dia": "25 de Abril"
        },
        {
            "feriado": "Dia do Trabalhador",
            "dia": "1 de Maio"
        },
        {
            "feriado": "Feriado Municipal de Santana",
            "dia": "25 de Maio"
        },
        {
            "feriado": "Dia de Portugal, Camões e das Comunidades Portuguesas",
            "dia": "10 de Junho"
        },
        {
            "feriado": "Corpo de Deus",
            "dia": "20 de Junho"
        },
        {
            "feriado": "Feriado Municipal de Calheta",
            "dia": "24 de Junho"
        },
        {
            "feriado": "Feriado Municipal de Porto Santo",
            "dia": "24 de Junho"
        },
        {
            "feriado": "Feriado Municipal de Ribeira Brava",
            "dia": "29 de Junho"
        },
        {
            "feriado": "Dia da Madeira",
            "dia": "1 de Julho"
        },
        {
            "feriado": "Feriado Municipal de Porto Moniz",
            "dia": "22 de Julho"
        },
        {
            "feriado": "Assunção (Festa do Monte)",
            "dia": "15 de Agosto"
        },
        {
            "feriado": "Feriado Municipal de Funchal",
            "dia": "21 de Agosto"
        },
        {
            "feriado": "Feriado Municipal de Ponta do Sol",
            "dia": "8 de Setembro"
        },
        {
            "feriado": "Dia da República",
            "dia": "5 de Outubro"
        },
        {
            "feriado": "Feriado Municipal de Machico",
            "dia": "9 de Outubro"
        },
        {
            "feriado": "Feriado Municipal de Câmara de Lobos",
            "dia": "16 de Outubro"
        },
        {
            "feriado": "Dia de todos os Santos",
            "dia": "1 de Novembro"
        },
        {
            "feriado": "Dia da Restauração da Independência",
            "dia": "1 de Dezembro"
        },
        {
            "feriado": "Imaculada Conceição",
            "dia": "8 de Dezembro"
        },
        {
            "feriado": "Dia de Natal",
            "dia": "25 de Dezembro"
        },
        {
            "feriado": "Primeira Oitava",
            "dia": "26 de Dezembro"
        }
    ]
}